Run,MissingRate(%),Method,MAE
0,10,Mean,0.1329
0,10,KNN,0.1196
0,10,MICE,0.1162
0,10,OT-Impute,0.1305
0,10,OT-Rand,0.1178
0,10,Batch-Impute,0.1019
0,20,Mean,0.1364
0,20,KNN,0.1269
0,20,MICE,0.1195
0,20,OT-Impute,0.1325
0,20,OT-Rand,0.1227
0,20,Batch-Impute,0.1079
0,30,Mean,0.1415
0,30,KNN,0.1369
0,30,MICE,0.1352
0,30,OT-Impute,0.1397
0,30,OT-Rand,0.1253
0,30,Batch-Impute,0.1133
0,40,Mean,0.1476
0,40,KNN,0.1438
0,40,MICE,0.1434
0,40,OT-Impute,0.1491
0,40,OT-Rand,0.1349
0,40,Batch-Impute,0.1243
0,50,Mean,0.1546
0,50,KNN,0.1539
0,50,MICE,0.1476
0,50,OT-Impute,0.1604
0,50,OT-Rand,0.143
0,50,Batch-Impute,0.134
0,60,Mean,0.1638
0,60,KNN,0.1613
0,60,MICE,0.1558
0,60,OT-Impute,0.1665
0,60,OT-Rand,0.1491
0,60,Batch-Impute,0.1427
0,70,Mean,0.1663
0,70,KNN,0.1679
0,70,MICE,0.1645
0,70,OT-Impute,0.1731
0,70,OT-Rand,0.1542
0,70,Batch-Impute,0.1493
0,80,Mean,0.163
0,80,KNN,0.1623
0,80,MICE,0.1635
0,80,OT-Impute,0.1649
0,80,OT-Rand,0.1481
0,80,Batch-Impute,0.1434
1,10,Mean,0.1329
1,10,KNN,0.1196
1,10,MICE,0.1162
1,10,OT-Impute,0.1319
1,10,OT-Rand,0.1132
1,10,Batch-Impute,0.1025
1,20,Mean,0.1364
1,20,KNN,0.1269
1,20,MICE,0.1195
1,20,OT-Impute,0.1314
1,20,OT-Rand,0.1235
1,20,Batch-Impute,0.1061
1,30,Mean,0.1415
1,30,KNN,0.1369
1,30,MICE,0.1352
1,30,OT-Impute,0.1364
1,30,OT-Rand,0.1281
1,30,Batch-Impute,0.1151
1,40,Mean,0.1476
1,40,KNN,0.1438
1,40,MICE,0.1434
1,40,OT-Impute,0.1502
1,40,OT-Rand,0.1358
1,40,Batch-Impute,0.1267
1,50,Mean,0.1546
1,50,KNN,0.1539
1,50,MICE,0.1476
1,50,OT-Impute,0.1591
1,50,OT-Rand,0.1449
1,50,Batch-Impute,0.135
1,60,Mean,0.1638
1,60,KNN,0.1613
1,60,MICE,0.1558
1,60,OT-Impute,0.1719
1,60,OT-Rand,0.1502
1,60,Batch-Impute,0.1445
1,70,Mean,0.1663
1,70,KNN,0.1679
1,70,MICE,0.1645
1,70,OT-Impute,0.1707
1,70,OT-Rand,0.1552
1,70,Batch-Impute,0.1491
1,80,Mean,0.163
1,80,KNN,0.1623
1,80,MICE,0.1635
1,80,OT-Impute,0.1672
1,80,OT-Rand,0.1476
1,80,Batch-Impute,0.1431
2,10,Mean,0.1329
2,10,KNN,0.1196
2,10,MICE,0.1162
2,10,OT-Impute,0.1307
2,10,OT-Rand,0.1151
2,10,Batch-Impute,0.1051
2,20,Mean,0.1364
2,20,KNN,0.1269
2,20,MICE,0.1195
2,20,OT-Impute,0.1387
2,20,OT-Rand,0.1222
2,20,Batch-Impute,0.1075
2,30,Mean,0.1415
2,30,KNN,0.1369
2,30,MICE,0.1352
2,30,OT-Impute,0.138
2,30,OT-Rand,0.126
2,30,Batch-Impute,0.1128
2,40,Mean,0.1476
2,40,KNN,0.1438
2,40,MICE,0.1434
2,40,OT-Impute,0.1509
2,40,OT-Rand,0.1341
2,40,Batch-Impute,0.1264
2,50,Mean,0.1546
2,50,KNN,0.1539
2,50,MICE,0.1476
2,50,OT-Impute,0.1601
2,50,OT-Rand,0.1437
2,50,Batch-Impute,0.1329
2,60,Mean,0.1638
2,60,KNN,0.1613
2,60,MICE,0.1558
2,60,OT-Impute,0.1683
2,60,OT-Rand,0.1508
2,60,Batch-Impute,0.143
2,70,Mean,0.1663
2,70,KNN,0.1679
2,70,MICE,0.1645
2,70,OT-Impute,0.1711
2,70,OT-Rand,0.154
2,70,Batch-Impute,0.1478
2,80,Mean,0.163
2,80,KNN,0.1623
2,80,MICE,0.1635
2,80,OT-Impute,0.1645
2,80,OT-Rand,0.1504
2,80,Batch-Impute,0.1426
3,10,Mean,0.1329
3,10,KNN,0.1196
3,10,MICE,0.1162
3,10,OT-Impute,0.1331
3,10,OT-Rand,0.1166
3,10,Batch-Impute,0.104
3,20,Mean,0.1364
3,20,KNN,0.1269
3,20,MICE,0.1195
3,20,OT-Impute,0.1331
3,20,OT-Rand,0.1192
3,20,Batch-Impute,0.1075
3,30,Mean,0.1415
3,30,KNN,0.1369
3,30,MICE,0.1352
3,30,OT-Impute,0.1383
3,30,OT-Rand,0.1255
3,30,Batch-Impute,0.1127
3,40,Mean,0.1476
3,40,KNN,0.1438
3,40,MICE,0.1434
3,40,OT-Impute,0.1548
3,40,OT-Rand,0.1376
3,40,Batch-Impute,0.1239
3,50,Mean,0.1546
3,50,KNN,0.1539
3,50,MICE,0.1476
3,50,OT-Impute,0.1601
3,50,OT-Rand,0.1436
3,50,Batch-Impute,0.134
3,60,Mean,0.1638
3,60,KNN,0.1613
3,60,MICE,0.1558
3,60,OT-Impute,0.1698
3,60,OT-Rand,0.1501
3,60,Batch-Impute,0.1435
3,70,Mean,0.1663
3,70,KNN,0.1679
3,70,MICE,0.1645
3,70,OT-Impute,0.1729
3,70,OT-Rand,0.155
3,70,Batch-Impute,0.149
3,80,Mean,0.163
3,80,KNN,0.1623
3,80,MICE,0.1635
3,80,OT-Impute,0.1666
3,80,OT-Rand,0.1487
3,80,Batch-Impute,0.1436
4,10,Mean,0.1329
4,10,KNN,0.1196
4,10,MICE,0.1162
4,10,OT-Impute,0.1312
4,10,OT-Rand,0.1158
4,10,Batch-Impute,0.1051
4,20,Mean,0.1364
4,20,KNN,0.1269
4,20,MICE,0.1195
4,20,OT-Impute,0.1359
4,20,OT-Rand,0.1218
4,20,Batch-Impute,0.1103
4,30,Mean,0.1415
4,30,KNN,0.1369
4,30,MICE,0.1352
4,30,OT-Impute,0.1396
4,30,OT-Rand,0.1272
4,30,Batch-Impute,0.115
4,40,Mean,0.1476
4,40,KNN,0.1438
4,40,MICE,0.1434
4,40,OT-Impute,0.1503
4,40,OT-Rand,0.1382
4,40,Batch-Impute,0.1241
4,50,Mean,0.1546
4,50,KNN,0.1539
4,50,MICE,0.1476
4,50,OT-Impute,0.1618
4,50,OT-Rand,0.1432
4,50,Batch-Impute,0.1321
4,60,Mean,0.1638
4,60,KNN,0.1613
4,60,MICE,0.1558
4,60,OT-Impute,0.1694
4,60,OT-Rand,0.1509
4,60,Batch-Impute,0.143
4,70,Mean,0.1663
4,70,KNN,0.1679
4,70,MICE,0.1645
4,70,OT-Impute,0.1719
4,70,OT-Rand,0.1548
4,70,Batch-Impute,0.1489
4,80,Mean,0.163
4,80,KNN,0.1623
4,80,MICE,0.1635
4,80,OT-Impute,0.165
4,80,OT-Rand,0.1496
4,80,Batch-Impute,0.1439
